Emoji,Box,Series Category,Emoji Group,Animal,Bearded,Big-Eared,Blue,Boys,Cat or Dog,Eyewear,Fairies,Flying,Four-legged,Girls,Green,Hat-wearing,Jewelry,Orange,Outer Space,Pixar,Prince,Princesses,Purple,Red,Scary,Underwater,Yellow
22,Gold,Standard,Soul,No,No,No,Yes,No,No,No,No,No,No,Yes,No,No,No,No,No,Yes,No,No,No,No,No,No,No
8-Bit Mickey,Silver,Group,Mickey and Friends,Yes,No,Yes,No,Yes,No,No,No,No,No,No,No,No,No,No,No,No,No,No,No,No,No,No,No
Abominable Snowman,Series,II,Matterhorn Bobsleds,No,No,No,Yes,Yes,No,No,No,No,No,No,No,No,No,No,No,No,No,No,No,No,Yes,No,No
Abu,Gold,Standard,Aladdin,Yes,Yes,Yes,No,Yes,No,No,No,No,No,No,No,Yes,No,No,No,No,No,No,Yes,No,No,No,No
Ahsoka Tano,Rainbow,Diamond,Star Wars,No,No,No,Yes,No,No,No,No,No,No,Yes,No,Yes,No,No,Yes,No,No,No,No,No,No,No,No
Aladdin,Series,II,Aladdin,No,No,No,No,Yes,No,No,No,No,No,No,No,Yes,No,No,No,No,Yes,No,No,No,No,No,No
Alberto,Gold,Standard,Luca,No,No,No,Yes,Yes,No,No,No,No,No,No,No,No,No,No,No,Yes,No,No,Yes,No,No,Yes,No
Alebrije Dante,Story,Diamond,Coco,Yes,No,Yes,Yes,Yes,Yes,No,No,Yes,No,No,Yes,No,No,No,No,Yes,No,No,Yes,No,No,No,Yes
Alice,Series,I,Alice in Wonderland,No,No,No,No,No,No,No,No,No,No,Yes,No,No,No,No,No,No,No,No,No,No,No,No,Yes
Alien,Series,I,Toy Story,No,No,Yes,No,No,No,No,No,No,No,No,Yes,No,No,No,Yes,Yes,No,No,No,No,No,No,No
Almost There Tiana,Story,Diamond,Princess and the Frog,No,No,No,No,No,No,No,No,No,No,Yes,No,No,No,No,No,No,No,Yes,No,No,No,No,Yes
Alpha,Villain,Diamond,Up,Yes,No,Yes,No,Yes,Yes,No,No,No,Yes,No,No,No,No,No,No,Yes,No,No,No,No,Yes,No,No
Anakin Skywalker,Story,Diamond,Star Wars,No,No,No,No,Yes,No,No,No,No,No,No,No,No,No,No,Yes,No,No,No,No,No,No,No,Yes
Anastasia,Gold,Standard,Cinderella,No,No,No,No,No,No,No,No,No,No,Yes,No,No,No,No,No,No,No,No,No,Yes,No,No,Yes
Angel,Gold,Diamond,Lilo and Stitch,No,No,Yes,No,No,No,No,No,No,No,Yes,No,No,No,No,Yes,No,No,No,Yes,No,No,No,No
Angel Chip,Rainbow,Diamond,Rescue Rangers,Yes,No,Yes,No,Yes,No,No,No,Yes,No,No,No,No,No,No,No,No,No,No,No,No,No,No,Yes
Anger,Gold,Standard,Inside Out,No,No,No,No,Yes,No,No,No,No,No,No,No,No,No,No,No,Yes,No,No,No,Yes,No,No,No
Anna,Series,I,Frozen,No,No,No,No,No,No,No,No,No,No,Yes,No,No,No,Yes,No,No,No,No,No,No,No,No,No
Antonio,Gold,Diamond,Encanto,No,No,No,No,Yes,No,No,No,No,No,No,No,No,No,No,No,No,No,No,No,No,No,No,No
Aqua,Gold,Diamond,Kingdom Hearts,No,No,No,Yes,No,No,No,No,No,No,Yes,No,No,No,No,No,No,No,No,No,No,No,No,No
Archimedes,Gold,Diamond,The Sword in the Stone,Yes,No,No,No,Yes,No,No,No,Yes,No,No,No,No,No,No,No,No,No,No,No,No,No,No,Yes
Ariel,Silver,Standard,The Little Mermaid,No,No,No,No,No,No,No,No,No,No,Yes,No,No,No,No,No,No,No,Yes,No,Yes,No,Yes,No
Arthur,Gold,Standard,The Sword in the Stone,No,No,No,No,Yes,No,No,No,No,No,No,No,No,No,No,No,No,No,No,No,No,No,No,Yes
Baby Dory,Gold,Group,Finding Nemo-Dory,Yes,No,No,Yes,No,No,No,No,No,No,Yes,No,No,No,No,No,Yes,No,No,No,No,No,Yes,Yes
Baby Moana,Story,Diamond,Moana,No,No,No,No,No,No,No,No,No,No,Yes,No,No,No,No,No,No,No,Yes,No,Yes,No,No,No
Baby Pegasus,Story,Diamond,Hercules,Yes,No,Yes,Yes,Yes,No,No,No,Yes,No,No,No,No,No,No,No,No,No,No,No,No,No,No,No
Baby Simba,Story,Diamond,The Lion King,Yes,No,Yes,No,Yes,Yes,No,No,No,No,No,No,No,No,No,No,No,No,No,No,No,No,No,Yes
Bailey,Gold,Standard,Finding Nemo-Dory,Yes,No,No,No,Yes,No,No,No,No,No,No,No,No,No,No,No,Yes,No,No,No,No,No,Yes,No
Baloo,Series,III,The Jungle Book,Yes,No,Yes,No,Yes,No,No,No,No,Yes,No,No,No,No,Yes,No,No,No,No,No,No,No,No,No
Bambi,Silver,Standard,Bambi,Yes,No,Yes,No,Yes,No,No,No,No,Yes,No,No,No,No,No,No,No,No,No,No,No,No,No,No
Barbossa,Series,III,Pirates of the Caribbean,No,Yes,No,No,Yes,No,No,No,No,No,No,No,Yes,No,No,No,No,No,No,No,No,Yes,No,No
Barley,Gold,Standard,Onward,No,No,Yes,Yes,Yes,No,No,No,No,No,No,No,Yes,No,No,No,Yes,No,No,No,No,No,No,No
Baymax,Gold,Standard,Big Hero 6,No,No,No,No,Yes,No,No,No,Yes,No,No,No,No,No,No,No,No,No,No,No,No,No,No,No
BB-8,Gold,Diamond,Star Wars,No,No,No,No,No,No,No,No,No,No,No,No,No,No,Yes,Yes,No,No,No,No,No,No,No,No
Belle,Series,II,Beauty and the Beast,No,No,No,No,No,No,No,No,No,No,Yes,No,No,Yes,No,No,No,No,Yes,No,No,No,No,No
Bernard,Gold,Standard,The Rescuers,Yes,No,Yes,No,Yes,No,No,No,No,No,No,No,Yes,No,No,No,No,No,No,No,No,No,No,No
Bert,Gold,Standard,Mary Poppins,No,No,No,No,Yes,No,No,No,No,No,No,No,Yes,No,No,No,No,No,No,No,No,No,No,No
Bianca,Gold,Standard,The Rescuers,Yes,No,Yes,No,No,No,No,No,Yes,No,Yes,No,Yes,No,No,No,No,No,No,Yes,No,No,No,No
Billy Butcherson,Gold,Diamond,Hocus Pocus,No,No,No,No,Yes,No,No,No,No,No,No,No,No,No,No,No,No,No,No,No,No,Yes,No,No
Bing Bong,Gold,Group,Inside Out,Yes,No,Yes,No,Yes,No,No,No,No,No,No,No,Yes,No,No,No,Yes,No,No,No,No,No,No,No
Binx,Gold,Standard,Hocus Pocus,Yes,No,Yes,No,Yes,Yes,No,No,No,No,No,No,No,No,No,No,No,No,No,No,No,No,No,No
Birthday Baby Pluto,Rainbow,Diamond,Mickey and Friends,Yes,No,Yes,Yes,Yes,Yes,No,No,No,No,No,Yes,Yes,No,No,No,No,No,No,No,No,No,No,Yes
Blue Fairy,Rainbow,Diamond,Pinocchio,No,No,No,Yes,No,No,No,Yes,Yes,No,Yes,No,No,No,No,No,No,No,No,No,No,No,No,Yes
Bo Peep,Gold,Standard,Toy Story,No,No,No,No,No,No,No,No,No,No,Yes,No,No,No,No,No,Yes,No,No,No,No,No,No,Yes
Bob Cratchit Kermit,Rainbow,Diamond,The Muppets,Yes,No,No,No,Yes,No,No,No,No,No,No,Yes,Yes,No,No,No,No,No,No,No,Yes,No,No,No
Bob Cratchit Mickey,Rainbow,Diamond,Mickey and Friends,Yes,No,Yes,No,Yes,No,No,No,No,No,No,No,Yes,No,No,No,No,No,No,No,No,No,No,No
Boba Fett,Gold,Diamond,Star Wars,No,No,No,No,Yes,No,No,No,Yes,No,No,Yes,Yes,No,No,Yes,No,No,No,No,No,No,No,No
Boo,Silver,Group,Monsters Inc.,No,No,No,No,No,No,No,No,No,No,Yes,No,No,No,No,No,Yes,No,No,No,No,No,No,No
Bookworm Belle,Story,Diamond,Beauty and the Beast,No,No,No,Yes,No,No,No,No,No,No,Yes,No,No,No,No,No,No,No,Yes,No,No,No,No,No
Bronx,Gold,Standard,Gargoyles,No,No,Yes,Yes,Yes,No,No,No,No,No,No,No,No,No,No,No,No,No,No,No,No,No,No,No
Bruce,Gold,Standard,Finding Nemo-Dory,Yes,No,No,Yes,Yes,No,No,No,No,No,No,No,No,No,No,No,Yes,No,No,No,No,Yes,Yes,No
Bullseye,Gold,Standard,Toy Story,Yes,No,Yes,No,Yes,No,No,No,No,Yes,No,No,No,No,No,No,Yes,No,No,No,No,No,No,No
Bunny Tigger,Rainbow,Diamond,Winnie the Pooh,Yes,No,Yes,Yes,Yes,No,No,No,No,No,No,No,Yes,No,No,No,No,No,No,No,No,No,No,Yes
Buzz Lightyear,Series,I,Toy Story,No,No,No,No,Yes,No,No,No,Yes,No,No,No,Yes,No,No,Yes,Yes,No,No,Yes,No,No,No,No
C-3PO,Gold,Diamond,Star Wars,No,No,No,No,No,No,No,No,No,No,No,No,No,No,No,Yes,No,No,No,No,No,No,No,Yes
Caballero Donald,Story,Diamond,Three Caballeros,Yes,No,No,No,Yes,No,No,No,No,No,No,Yes,Yes,No,No,No,No,No,No,No,Yes,No,No,Yes
Calhoun,Gold,Standard,Wreck-It Ralph,No,No,No,No,No,No,No,No,No,No,Yes,No,No,No,No,Yes,No,No,No,No,No,No,No,Yes
Captain Goofy,Gold,Diamond,Kingdom Hearts,Yes,No,Yes,No,Yes,No,No,No,No,No,No,No,Yes,No,No,No,No,No,No,No,No,No,No,No
Captain Hook,Villain,Diamond,Peter Pan,No,Yes,No,No,Yes,No,No,No,No,No,No,No,Yes,No,No,No,No,No,No,Yes,No,Yes,No,No
Captain Jack Sparrow,Series,III,Pirates of the Caribbean,No,Yes,No,No,Yes,No,No,No,No,No,No,No,Yes,Yes,No,No,No,No,No,No,No,No,No,No
Cara Dune,Gold,Diamond,Star Wars,No,No,No,No,No,No,No,No,No,No,Yes,No,No,No,No,Yes,No,No,No,No,No,No,No,No
Carl,Gold,Standard,Up,No,No,No,No,Yes,No,Yes,No,Yes,No,No,No,No,No,No,No,Yes,No,No,No,No,No,No,No
Celia,Silver,Standard,Monsters Inc.,No,No,No,No,No,No,No,No,No,No,Yes,No,No,No,No,No,Yes,No,No,Yes,No,No,No,No
Cheshire Cat,Series,I,Alice in Wonderland,Yes,No,Yes,No,Yes,Yes,No,No,No,Yes,No,No,No,No,No,No,No,No,No,Yes,No,No,No,No
Chewbacca,Gold,Diamond,Star Wars,No,Yes,No,No,Yes,No,No,No,No,No,No,No,No,No,No,Yes,No,No,No,No,No,Yes,No,No
Chip (BATB),Gold,Group,Beauty and the Beast,No,No,No,No,Yes,No,No,No,No,No,No,No,No,No,No,No,No,No,No,No,No,No,No,No
Chip (RR),Gold,Standard,Rescue Rangers,Yes,No,Yes,No,Yes,No,No,No,No,No,No,No,Yes,No,No,No,No,No,No,No,No,No,No,No
Christmas Clarabelle Cow,Rainbow,Diamond,Mickey and Friends,Yes,No,Yes,Yes,No,No,No,No,No,No,Yes,Yes,No,No,No,No,No,No,No,No,No,No,No,No
Christmas Sally,Rainbow,Diamond,Nightmare Before Christmas,No,No,No,Yes,No,No,No,No,No,No,Yes,Yes,No,No,No,No,No,No,No,No,Yes,Yes,No,No
Cinderella,Series,I,Cinderella,No,No,No,Yes,No,No,No,No,No,No,Yes,No,No,Yes,No,No,No,No,Yes,No,No,No,No,Yes
Clawhauser,Gold,Diamond,Zootopia,Yes,No,Yes,No,Yes,Yes,No,No,No,No,No,No,No,No,No,No,No,No,No,No,No,No,No,Yes
Cogsworth,Series,III,Beauty and the Beast,No,No,No,No,Yes,No,No,No,No,Yes,No,No,No,No,No,No,No,No,No,No,No,No,No,No
Crab Donald,Rainbow,Diamond,Mickey and Friends,Yes,No,No,No,Yes,No,No,No,No,No,No,No,Yes,No,No,No,No,No,No,No,Yes,No,Yes,No
Cri-Kee,Gold,Standard,Mulan,Yes,No,No,No,Yes,No,No,No,No,Yes,No,No,No,No,No,No,No,No,No,Yes,No,No,No,No
Cruella de Vil,Villain,Diamond,101 Dalmatians,No,No,No,No,No,No,No,No,No,No,Yes,Yes,No,Yes,No,No,No,No,No,No,No,Yes,No,No
Crush,Gold,Standard,Finding Nemo-Dory,Yes,No,No,No,Yes,No,No,No,No,Yes,No,Yes,No,No,No,No,Yes,No,No,No,No,No,Yes,No
Cruz Ramirez,Series,III,Cars,No,No,No,No,No,No,No,No,No,No,Yes,No,No,No,No,No,Yes,No,No,No,No,No,No,Yes
Daisy Duck,Silver,Standard,Mickey and Friends,Yes,No,No,No,No,No,No,No,No,No,Yes,No,No,No,No,No,No,No,No,Yes,No,No,No,No
Dale,Gold,Standard,Rescue Rangers,Yes,No,Yes,No,Yes,No,No,No,No,No,Yes,No,No,No,No,No,No,No,No,No,No,No,No,No
Dante,Gold,Standard,Coco,Yes,No,Yes,No,Yes,Yes,No,No,No,Yes,No,No,No,No,No,No,Yes,No,No,No,No,No,No,No
Darkwing Duck,Series,III,Darkwing Duck,Yes,No,No,No,Yes,No,Yes,No,No,No,No,No,Yes,No,No,No,No,No,No,Yes,No,No,No,No
Darth Maul,Villain,Diamond,Star Wars,No,No,No,No,Yes,No,No,No,No,No,No,No,No,No,No,Yes,No,No,No,No,Yes,Yes,No,No
Darth Vader,Villain,Diamond,Star Wars,No,No,No,No,Yes,No,No,No,No,No,No,No,Yes,No,No,Yes,No,No,No,No,No,Yes,No,No
Dash,Gold,Standard,The Incredibles,No,No,No,No,Yes,No,Yes,No,No,No,No,No,No,No,No,No,Yes,No,No,No,No,No,No,Yes
Davy Jones,Series,III,Pirates of the Caribbean,No,Yes,No,No,Yes,No,No,No,No,No,No,No,Yes,No,No,No,No,No,No,No,No,Yes,Yes,No
Death Trooper,Villain,Diamond,Star Wars,No,No,No,No,No,No,No,No,No,No,No,No,Yes,No,No,Yes,No,No,No,No,No,Yes,No,No
Deep Sea Mickey,Rainbow,Diamond,Mickey and Friends,Yes,No,Yes,No,Yes,No,No,No,No,No,No,No,Yes,No,No,No,No,No,No,No,No,No,Yes,No
Demona,Villain,Diamond,Gargoyles,No,No,Yes,Yes,No,No,No,No,No,No,Yes,No,No,Yes,No,No,No,No,No,No,Yes,Yes,No,Yes
Destiny,Gold,Standard,Finding Nemo-Dory,Yes,No,No,Yes,No,No,No,No,No,No,Yes,No,No,No,No,No,Yes,No,No,No,No,No,Yes,No
Devil Dale,Rainbow,Diamond,Rescue Rangers,Yes,No,No,No,Yes,No,No,No,Yes,No,No,No,Yes,No,No,No,No,No,No,No,Yes,No,No,No
Disguised Jasmine,Story,Diamond,Aladdin,No,No,No,No,No,No,No,No,No,No,Yes,No,Yes,Yes,No,No,No,No,Yes,No,No,No,No,Yes
Disgust,Gold,Standard,Inside Out,No,No,No,No,No,No,No,No,No,No,Yes,Yes,No,No,No,No,Yes,No,No,No,No,No,No,No
Doc,Gold,Standard,Snow White,No,Yes,No,No,Yes,No,Yes,No,No,No,No,No,Yes,No,No,No,No,No,No,No,No,No,No,No
Donald Duck,Silver,Standard,Mickey and Friends,Yes,No,No,Yes,Yes,No,No,No,No,No,No,No,Yes,No,No,No,No,No,No,No,No,No,No,No
Doorknob,Rainbow,Diamond,Alice in Wonderland,No,No,No,No,Yes,No,No,No,No,No,No,No,No,No,No,No,No,No,No,No,No,No,No,Yes
Dopey,Gold,Standard,Snow White,No,No,Yes,No,Yes,No,No,No,No,No,No,No,Yes,No,No,No,No,No,No,Yes,No,No,No,No
Dory,Series,I,Finding Nemo-Dory,Yes,No,No,Yes,No,No,No,No,No,No,Yes,No,No,No,No,No,Yes,No,No,No,No,No,Yes,Yes
Dr. Facilier,Villain,Diamond,Princess and the Frog,No,Yes,No,No,Yes,No,No,No,No,No,No,No,Yes,No,No,No,No,No,No,Yes,Yes,Yes,No,No
Dr. Finkelstein,Gold,Standard,Nightmare Before Christmas,No,No,No,Yes,Yes,No,Yes,No,No,No,No,No,No,No,No,No,No,No,No,No,No,No,No,No
Dr. Lily Houghton,Gold,Standard,Jungle Cruise,No,No,No,No,No,No,No,No,No,No,Yes,No,Yes,No,No,No,No,No,No,No,No,No,No,Yes
Drizella,Gold,Standard,Cinderella,No,No,No,Yes,No,No,No,No,No,No,Yes,No,No,No,No,No,No,No,No,No,No,No,No,No
Dug,Rainbow,Diamond,Up,Yes,No,Yes,No,Yes,Yes,No,No,No,Yes,No,No,No,No,No,No,Yes,No,No,No,No,No,No,Yes
Duke Caboom,Gold,Diamond,Toy Story,No,Yes,No,No,Yes,No,No,No,No,No,No,No,No,No,No,No,Yes,No,No,No,No,No,No,No
Dumbo,Silver,Standard,Dumbo,Yes,No,Yes,Yes,Yes,No,No,No,Yes,Yes,No,No,Yes,No,No,No,No,No,No,No,No,No,No,Yes
Ebenezer Scrooge McDuck,Rainbow,Diamond,Christmas Carol,Yes,No,No,No,Yes,No,Yes,No,No,No,No,Yes,Yes,No,No,No,No,No,No,No,No,No,No,No
Edna,Rainbow,Diamond,The Incredibles,No,No,No,No,No,No,Yes,No,No,No,Yes,No,No,No,No,No,Yes,No,No,No,No,No,No,No
Eeyore,Silver,Standard,Winnie the Pooh,Yes,No,Yes,Yes,Yes,No,No,No,No,Yes,No,No,No,No,No,No,No,No,No,No,No,No,No,No
Elastigirl,Gold,Standard,The Incredibles,No,No,No,No,No,No,Yes,No,No,No,Yes,No,No,No,No,No,Yes,No,No,No,No,No,No,No
Elizabeth Swann,Gold,Standard,Pirates of the Caribbean,No,No,No,No,No,No,No,No,No,No,Yes,No,No,No,No,No,No,No,No,No,No,No,No,Yes
Elsa,Series,I,Frozen,No,No,No,No,No,No,No,No,No,No,Yes,No,No,No,No,No,No,No,No,No,No,No,No,No
Elsa the Snow Queen,Story,Diamond,Frozen,No,No,No,No,No,No,No,No,No,No,Yes,No,No,No,No,No,No,No,No,No,No,No,No,No
Enchantress,Rainbow,Diamond,Beauty and the Beast,No,No,No,No,No,No,No,No,No,No,Yes,Yes,Yes,No,No,No,No,No,No,No,No,No,No,No
Ernesto,Villain,Diamond,Coco,No,Yes,No,No,Yes,No,No,No,No,No,No,No,Yes,No,No,No,Yes,No,No,No,No,Yes,No,No
Esmeralda,Gold,Standard,Hunchback of Notre Dame,No,No,No,No,No,No,No,No,No,No,Yes,No,No,Yes,No,No,No,No,No,No,No,No,No,No
EVE,Series,III,WALL-E,No,No,No,No,No,No,No,No,Yes,No,Yes,No,No,No,No,Yes,Yes,No,No,No,No,No,No,No
Fairy Minnie,Rainbow,Diamond,Mickey and Friends,Yes,No,Yes,Yes,No,No,No,Yes,Yes,No,Yes,No,No,Yes,No,No,No,No,No,Yes,No,No,No,Yes
Fancy Beast,Story,Diamond,Beauty and the Beast,Yes,Yes,Yes,Yes,Yes,No,No,No,No,No,No,No,No,No,No,No,No,Yes,No,No,No,No,No,No
Fauna,Gold,Standard,Sleeping Beauty,No,No,No,No,No,No,No,Yes,Yes,No,Yes,Yes,Yes,No,No,No,No,No,No,No,No,No,No,No
Fear,Gold,Standard,Inside Out,No,No,No,No,Yes,No,No,No,No,No,No,No,No,No,No,No,Yes,No,No,Yes,No,No,No,No
Fennec Shand,Gold,Diamond,Star Wars,No,No,No,No,No,No,No,No,No,No,Yes,No,No,No,No,Yes,No,No,No,No,Yes,No,No,No
Figaro,Silver,Diamond,Pinocchio,Yes,No,Yes,No,Yes,Yes,No,No,No,Yes,No,No,No,No,No,No,No,No,No,No,No,No,No,No
Figment,Rainbow,Diamond,Journey Into Imagination,Yes,No,No,No,Yes,No,No,No,Yes,No,No,No,No,No,No,No,No,No,No,Yes,No,No,No,No
Finn,Gold,Diamond,Star Wars,No,No,No,No,Yes,No,No,No,No,No,No,No,No,No,No,Yes,No,No,No,No,No,No,No,No
Finnick,Gold,Standard,Zootopia,Yes,No,Yes,No,Yes,No,No,No,No,No,No,No,No,No,No,No,No,No,No,No,No,No,No,Yes
"Fix-It Felix, Jr.",Gold,Standard,Wreck-It Ralph,No,No,Yes,Yes,Yes,No,No,No,No,No,No,No,Yes,No,No,No,No,No,No,No,No,No,No,No
Flash,Gold,Diamond,Zootopia,Yes,No,No,No,Yes,No,No,No,No,No,No,No,No,No,No,No,No,No,No,No,No,No,No,No
Flik,Gold,Standard,A Bug's Life,Yes,No,No,Yes,Yes,No,No,No,No,No,No,No,No,No,No,No,Yes,No,No,No,No,No,No,No
Flit,Gold,Standard,Pocahontas,Yes,No,No,No,Yes,No,No,No,Yes,No,No,Yes,No,No,No,No,No,No,No,No,Yes,No,No,No
Flora,Gold,Standard,Sleeping Beauty,No,No,No,No,No,No,No,Yes,Yes,No,Yes,No,Yes,No,No,No,No,No,No,No,Yes,No,No,Yes
Flotsam,Villain,Diamond,The Little Mermaid,Yes,No,No,Yes,Yes,No,No,No,No,No,No,Yes,No,No,No,No,No,No,No,No,No,Yes,Yes,No
Flounder,Silver,Standard,The Little Mermaid,Yes,No,No,Yes,Yes,No,No,No,No,No,No,No,No,No,No,No,No,No,No,No,No,No,Yes,Yes
Flower Minnie,Rainbow,Diamond,Mickey and Friends,Yes,No,Yes,No,No,No,No,No,No,No,Yes,Yes,No,No,No,No,No,No,No,No,No,No,No,Yes
Flower Piglet,Rainbow,Diamond,Winnie the Pooh,Yes,No,Yes,No,Yes,No,No,No,No,No,No,No,No,No,No,No,No,No,No,No,No,No,No,Yes
Flynn Rider,Gold,Standard,Tangled,No,Yes,No,No,Yes,No,No,No,No,No,No,No,No,No,No,No,No,No,No,No,No,No,No,No
Forky,Gold,Diamond,Toy Story,No,No,No,Yes,Yes,No,No,No,No,No,No,No,No,No,No,No,Yes,No,No,No,Yes,No,No,No
Fozzie Bear,Series,I,The Muppets,Yes,No,Yes,No,Yes,No,No,No,No,No,No,No,Yes,No,Yes,No,No,No,No,No,No,No,No,No
Frank,Gold,Standard,Jungle Cruise,No,Yes,No,No,Yes,No,No,No,No,No,No,No,Yes,No,No,No,No,No,No,No,No,No,No,No
Frozone,Rainbow,Group,The Incredibles,No,Yes,No,Yes,Yes,No,Yes,No,No,No,No,No,Yes,No,No,No,Yes,No,No,No,No,No,No,No
Gadget,Gold,Standard,Rescue Rangers,Yes,No,Yes,Yes,No,No,Yes,No,No,No,Yes,No,No,No,No,No,No,No,No,No,No,No,No,No
Gardener Mickey,Rainbow,Diamond,Mickey and Friends,Yes,No,Yes,No,Yes,No,No,No,No,No,No,No,Yes,No,No,No,No,No,No,No,No,No,No,Yes
Gaston,Villain,Diamond,Beauty and the Beast,No,No,No,No,Yes,No,No,No,No,No,No,No,No,No,No,No,No,No,No,No,No,Yes,No,No
Ghost of Jacob Marley,Rainbow,Diamond,Mickey and Friends,Yes,No,Yes,Yes,Yes,No,No,No,No,No,No,No,No,No,No,No,No,No,No,No,No,Yes,No,No
Gingerbread Mickey,Rainbow,Diamond,Mickey and Friends,Yes,No,Yes,No,Yes,No,No,No,No,No,No,No,No,No,No,No,No,No,No,No,Yes,No,No,No
Giselle,Gold,Standard,Enchanted,No,No,No,No,No,No,No,No,No,No,Yes,No,No,No,No,No,No,No,No,No,No,No,No,No
Gizmoduck,Gold,Standard,DuckTales,Yes,No,No,No,Yes,No,Yes,No,Yes,No,No,No,Yes,No,No,No,No,No,No,No,Yes,No,No,No
Goliath,Gold,Standard,Gargoyles,No,No,Yes,No,Yes,No,No,No,Yes,No,No,No,No,No,No,No,No,No,No,Yes,No,No,No,No
Gonzo,Gold,Standard,The Muppets,No,No,No,Yes,Yes,No,No,No,No,No,No,No,No,No,No,Yes,No,No,No,No,No,No,No,Yes
Goofy,Silver,Standard,Mickey and Friends,Yes,No,Yes,No,Yes,No,No,No,No,No,No,Yes,Yes,No,No,No,No,No,No,No,No,No,No,No
Governor Ratcliffe,Villain,Diamond,Pocahontas,No,No,No,No,Yes,No,No,No,No,No,No,No,Yes,No,No,No,No,No,No,Yes,No,Yes,No,No
Gramma Tala,Rainbow,Group,Moana,Yes,No,No,No,No,No,No,No,No,No,Yes,No,No,Yes,No,No,No,No,No,No,No,No,Yes,No
Grand Pabbie,Gold,Standard,Frozen,No,No,Yes,No,Yes,No,No,No,No,No,No,Yes,No,No,No,No,No,No,No,No,No,No,No,No
Grandmother Willow,Rainbow,Diamond,Pocahontas,No,No,No,No,No,No,No,No,No,No,Yes,Yes,No,No,No,No,No,No,No,No,No,No,No,No
Grumpy,Gold,Standard,Snow White,No,Yes,No,No,Yes,No,No,No,No,No,No,No,Yes,No,No,No,No,No,No,No,No,No,No,No
Gus,Gold,Standard,Cinderella,Yes,No,Yes,No,Yes,No,No,No,No,No,No,Yes,Yes,No,No,No,No,No,No,No,No,No,No,No
Hades,Villain,Diamond,Hercules,No,No,No,Yes,Yes,No,No,No,No,No,No,No,No,No,No,No,No,No,No,No,No,Yes,No,No
Hamm,Gold,Standard,Toy Story,Yes,No,Yes,No,Yes,No,No,No,No,Yes,No,No,No,No,No,No,Yes,No,No,No,No,No,No,No
Han Solo,Gold,Diamond,Star Wars,No,No,No,No,Yes,No,No,No,No,No,No,No,No,No,No,Yes,No,No,No,No,No,No,No,No
Hank,Series,II,Finding Nemo-Dory,Yes,No,No,No,Yes,No,No,No,No,No,No,No,No,No,Yes,No,Yes,No,No,No,Yes,No,Yes,No
Hatbox Ghost,Series,II,Haunted Mansion,No,No,No,Yes,Yes,No,No,No,No,No,No,Yes,Yes,No,No,No,No,No,No,No,No,Yes,No,No
Headphones Dug,Story,Diamond,Up,Yes,No,No,No,Yes,Yes,No,No,No,No,No,No,No,No,No,No,Yes,No,No,No,No,No,No,Yes
Héctor,Gold,Standard,Coco,No,Yes,No,No,Yes,No,No,No,No,No,No,Yes,No,No,No,No,Yes,No,No,No,No,No,No,No
Hei Hei,Gold,Standard,Moana,Yes,No,No,No,Yes,No,No,No,No,No,No,No,No,No,No,No,No,No,No,No,Yes,No,No,No
Heimlich,Gold,Diamond,A Bug's Life,Yes,No,No,No,Yes,No,No,No,No,No,No,Yes,No,No,No,No,Yes,No,No,No,No,No,No,No
Hercules,Gold,Standard,Hercules,No,No,No,No,Yes,No,No,No,No,No,No,No,No,No,Yes,No,No,No,No,No,No,No,No,No
Hiro,Gold,Standard,Big Hero 6,No,No,No,No,Yes,No,No,No,No,No,No,No,Yes,No,No,No,No,No,No,Yes,No,No,No,No
Hitchhiker Ghost Phineas,Gold,Diamond,Haunted Mansion,No,No,No,Yes,Yes,No,No,No,No,No,No,No,Yes,No,No,No,No,No,No,No,No,Yes,No,No
Holiday Mickey,Rainbow,Diamond,Mickey and Friends,Yes,No,Yes,No,Yes,No,No,No,Yes,No,No,No,Yes,No,No,No,No,No,No,No,Yes,No,No,No
Holiday Minnie,Rainbow,Diamond,Mickey and Friends,Yes,No,Yes,No,No,No,No,No,No,No,Yes,Yes,No,No,No,No,No,No,No,No,No,No,No,No
Holiday Pluto,Rainbow,Diamond,Mickey and Friends,Yes,No,Yes,No,Yes,Yes,No,No,No,Yes,No,Yes,Yes,No,No,No,No,No,No,No,Yes,No,No,Yes
Holiday Tinker Bell,Rainbow,Diamond,Peter Pan,No,No,No,No,No,No,No,Yes,Yes,No,Yes,Yes,Yes,No,No,No,No,No,No,No,Yes,No,No,Yes
Hondo,Gold,Diamond,Star Wars,No,No,No,No,Yes,No,Yes,No,No,No,No,No,Yes,No,No,Yes,No,No,No,Yes,Yes,No,No,No
Honey Bee Pooh,Rainbow,Diamond,Winnie the Pooh,Yes,No,Yes,Yes,Yes,No,No,No,No,No,No,No,Yes,No,No,No,No,No,No,No,No,No,No,Yes
Hugo,Gold,Standard,Hunchback of Notre Dame,No,No,Yes,No,Yes,No,No,No,No,No,No,No,No,No,No,No,No,No,No,No,No,No,No,No
Iago,Gold,Standard,Aladdin,Yes,No,No,No,Yes,No,No,No,Yes,No,No,No,No,No,No,No,No,No,No,No,Yes,No,No,Yes
Ian,Gold,Standard,Onward,No,No,Yes,Yes,Yes,No,No,No,No,No,No,No,No,No,No,No,Yes,No,No,No,No,No,No,No
Ice Cream Mickey,Rainbow,Diamond,Mickey and Friends,Yes,No,Yes,Yes,Yes,No,No,No,No,No,No,Yes,No,No,No,No,No,No,No,No,No,No,No,Yes
Imelda,Gold,Standard,Coco,No,No,No,No,No,No,No,No,No,No,Yes,No,No,Yes,No,No,Yes,No,No,Yes,No,No,No,No
Jabba the Hutt,Villain,Diamond,Star Wars,No,No,No,No,Yes,No,No,No,No,No,No,Yes,No,No,No,Yes,No,No,No,No,No,Yes,No,No
Jack Skellington,Gold,Standard,Nightmare Before Christmas,No,No,No,No,Yes,No,No,No,No,No,No,No,No,No,No,No,No,No,No,No,No,Yes,No,No
Jack-Jack,Gold,Diamond,The Incredibles,No,No,No,No,Yes,No,Yes,No,No,No,No,No,No,No,No,No,Yes,No,No,No,No,No,No,No
Jackson Storm,Series,III,Cars,No,No,No,No,Yes,No,No,No,No,No,No,No,No,No,No,No,Yes,No,No,No,No,No,No,No
Jafar,Villain,Diamond,Aladdin,No,Yes,No,No,Yes,No,No,No,No,No,No,No,Yes,Yes,No,No,No,No,No,No,Yes,Yes,No,No
Jaq,Gold,Standard,Cinderella,Yes,No,Yes,No,Yes,No,No,No,No,No,No,No,Yes,No,No,No,No,No,No,No,Yes,No,No,No
Jasmine,Series,II,Aladdin,No,No,No,Yes,No,No,No,No,No,No,Yes,No,No,Yes,No,No,No,No,Yes,No,No,No,No,Yes
Jessie,Gold,Standard,Toy Story,No,No,No,No,No,No,No,No,No,No,Yes,No,Yes,No,No,No,Yes,No,No,No,Yes,No,No,No
Jiminy Cricket,Silver,Standard,Pinocchio,Yes,No,No,Yes,Yes,No,No,No,No,No,No,Yes,Yes,No,No,No,No,No,No,No,No,No,No,No
Joe,Gold,Standard,Soul,No,Yes,No,No,Yes,No,Yes,No,No,No,No,No,Yes,No,No,No,Yes,No,No,No,No,No,No,No
John Darling,Gold,Standard,Peter Pan,No,No,No,No,Yes,No,Yes,No,No,No,No,No,Yes,No,No,No,No,No,No,No,No,No,No,No
José,Gold,Standard,Three Caballeros,Yes,No,No,No,Yes,No,No,No,No,No,No,Yes,Yes,No,No,No,No,No,No,No,No,No,No,Yes
Joy,Series,III,Inside Out,No,No,No,Yes,No,No,No,No,No,No,Yes,No,No,No,No,No,Yes,No,No,No,No,No,No,Yes
Judy Hopps,Series,I,Zootopia,Yes,No,Yes,No,No,No,No,No,No,No,Yes,No,No,No,No,No,No,No,No,No,No,No,No,No
Jumba,Gold,Standard,Lilo and Stitch,No,No,Yes,No,Yes,No,No,No,No,No,No,No,No,No,No,Yes,No,No,No,Yes,No,No,No,No
Kaa,Series,III,The Jungle Book,Yes,No,No,No,Yes,No,No,No,No,No,No,Yes,No,No,No,No,No,No,No,No,No,Yes,No,Yes
Kakamore Chief,Villain,Diamond,Moana,No,No,No,No,No,No,No,No,No,No,No,No,Yes,No,No,No,No,No,No,Yes,Yes,Yes,No,No
Kermit the Frog,Series,I,The Muppets,Yes,No,No,No,Yes,No,No,No,No,No,No,Yes,No,No,No,No,No,No,No,No,No,No,No,No
Kevin,Rainbow,Diamond,Up,Yes,No,No,Yes,No,No,No,No,Yes,No,Yes,No,No,No,No,No,Yes,No,No,No,Yes,No,No,Yes
King Candy,Villain,Diamond,Wreck-It Ralph,No,No,No,No,Yes,No,No,No,No,No,No,No,Yes,Yes,No,No,No,No,No,No,No,Yes,No,No
King Louie,Gold,Standard,The Jungle Book,Yes,No,Yes,No,Yes,No,No,No,No,No,No,No,No,No,Yes,No,No,No,No,No,No,No,No,No
King Triton,Rainbow,Diamond,The Little Mermaid,No,Yes,No,No,Yes,No,No,No,No,No,No,No,No,Yes,No,No,No,No,No,No,No,No,Yes,No
Kristoff,Gold,Standard,Frozen,No,No,No,No,Yes,No,No,No,No,No,No,No,Yes,No,No,No,No,No,No,No,No,No,No,Yes
Kronk,Gold,Standard,The Emperor's New Groove,No,No,No,No,Yes,No,No,No,No,No,No,No,Yes,No,No,No,No,No,No,No,No,No,No,Yes
Kuzco,Gold,Standard,The Emperor's New Groove,Yes,No,No,Yes,Yes,No,No,No,No,Yes,No,No,Yes,Yes,No,No,No,No,No,No,No,No,No,Yes
Kylo Ren,Villain,Diamond,Star Wars,No,No,No,No,Yes,No,No,No,No,No,No,No,Yes,No,No,Yes,No,No,No,No,Yes,Yes,No,No
Lady,Gold,Standard,Lady and the Tramp,Yes,No,Yes,No,No,Yes,No,No,No,Yes,Yes,No,No,No,Yes,No,No,No,No,No,No,No,No,No
Lady Kluck,Gold,Standard,Robin Hood,Yes,No,No,Yes,No,No,No,No,No,No,Yes,No,Yes,No,No,No,No,No,No,No,Yes,No,No,Yes
Lady Tremaine,Villain,Diamond,Cinderella,No,No,No,No,No,No,No,No,No,No,Yes,No,No,Yes,No,No,No,No,No,No,No,Yes,No,No
Launchpad McQuack,Series,III,DuckTales,Yes,No,No,No,Yes,No,Yes,No,Yes,No,No,No,Yes,No,No,No,No,No,No,No,Yes,No,No,Yes
Lightning McQueen,Series,III,Cars,No,No,No,No,Yes,No,No,No,No,No,No,No,No,No,No,No,Yes,No,No,No,Yes,No,No,No
Lilo,Gold,Standard,Lilo and Stitch,No,No,No,No,No,No,No,No,No,No,Yes,No,No,No,No,No,No,No,No,No,No,No,No,No
Little John,Gold,Standard,Robin Hood,Yes,No,Yes,No,Yes,No,No,No,No,No,No,Yes,Yes,No,No,No,No,No,No,No,Yes,No,No,No
Lotso,Villain,Diamond,Toy Story,Yes,No,No,No,Yes,No,No,No,No,No,No,No,No,No,No,No,Yes,No,No,Yes,No,Yes,No,No
Louis,Gold,Standard,Princess and the Frog,Yes,No,No,No,Yes,No,No,No,No,No,No,Yes,No,No,No,No,No,No,No,No,No,Yes,Yes,No
Luca,Gold,Standard,Luca,No,No,No,Yes,Yes,No,No,No,No,No,No,Yes,No,No,No,No,Yes,No,No,Yes,No,No,Yes,No
Lucifer,Villain,Diamond,Cinderella,Yes,No,Yes,No,Yes,Yes,No,No,No,Yes,No,No,No,No,No,No,No,No,No,No,No,Yes,No,No
Luke Skywalker,Gold,Diamond,Star Wars,No,No,No,No,Yes,No,No,No,No,No,No,No,No,No,No,Yes,No,No,No,No,No,No,No,Yes
Lumière,Series,II,Beauty and the Beast,No,No,No,No,Yes,No,No,No,No,No,No,No,No,No,No,No,No,No,No,No,No,No,No,Yes
Madam Mim,Villain,Diamond,The Sword in the Stone,Yes,No,No,No,No,No,No,No,Yes,No,Yes,No,No,No,No,No,No,No,No,Yes,No,Yes,No,No
Madame Leota,Gold,Standard,Haunted Mansion,No,No,No,Yes,No,No,No,No,Yes,No,Yes,No,No,No,No,No,No,No,No,Yes,No,Yes,No,No
Madame Medusa,Villain,Diamond,The Rescuers,No,No,No,No,No,No,No,No,No,No,Yes,No,No,Yes,Yes,No,No,No,No,No,No,Yes,No,No
Magic Carpet,Rainbow,Diamond,Aladdin,No,No,No,No,No,No,No,No,Yes,No,No,No,No,No,No,No,No,No,No,Yes,No,No,No,Yes
Magic Mirror,Rainbow,Diamond,Snow White,No,No,No,No,Yes,No,No,No,No,No,No,Yes,No,No,No,No,No,No,No,Yes,No,No,No,Yes
Magica De Spell,Villain,Diamond,DuckTales,Yes,No,No,No,No,No,No,No,Yes,No,Yes,No,No,No,No,No,No,No,No,Yes,No,Yes,No,No
Maid Marian,Gold,Standard,Robin Hood,Yes,No,Yes,No,No,No,No,No,No,No,Yes,No,Yes,No,No,No,No,No,No,Yes,No,No,No,No
Mal,Gold,Diamond,Descendants,No,No,No,No,No,No,No,No,Yes,No,Yes,No,No,No,No,No,No,No,No,Yes,No,No,No,No
Maleficent,Villain,Diamond,Sleeping Beauty,No,No,No,No,No,No,No,No,Yes,No,Yes,Yes,Yes,No,No,No,No,No,No,No,No,Yes,No,No
Mama Coco,Rainbow,Diamond,Coco,No,No,No,No,No,No,No,No,No,No,Yes,No,No,No,No,No,Yes,No,No,No,No,No,No,No
Marie,Silver,Standard,The Aristocats,Yes,No,Yes,No,No,Yes,No,No,No,Yes,Yes,No,No,No,No,No,No,No,No,No,No,No,No,No
Marshmallow,Gold,Group,Frozen,No,No,No,Yes,Yes,No,No,No,No,No,No,No,No,No,No,No,No,No,No,No,No,Yes,No,No
Mary Poppins,Rainbow,Diamond,Mary Poppins,No,No,No,No,No,No,No,No,Yes,No,Yes,No,Yes,No,No,No,No,No,No,No,No,No,No,No
Mary Sanderson,Gold,Standard,Hocus Pocus,No,No,No,No,No,No,No,No,Yes,No,Yes,No,No,No,No,No,No,No,No,Yes,No,Yes,No,No
Mater,Gold,Diamond,Cars,No,No,No,No,Yes,No,No,No,No,No,No,No,No,No,No,No,Yes,No,No,No,No,No,No,No
Maui,Series,II,Moana,Yes,No,No,No,Yes,No,No,No,Yes,No,No,No,No,No,No,No,No,No,No,No,No,No,Yes,No
Max,Gold,Standard,Goofy Movie,Yes,No,Yes,No,Yes,No,No,No,No,No,No,No,No,No,No,No,No,No,No,No,No,No,No,No
Maximus,Gold,Standard,Tangled,Yes,No,Yes,No,Yes,No,No,No,No,Yes,No,No,No,No,No,No,No,No,No,No,No,No,No,No
Meeko,Gold,Diamond,Pocahontas,Yes,No,Yes,No,Yes,No,No,No,No,Yes,No,No,No,No,No,No,No,No,No,No,No,No,No,No
Meg,Gold,Standard,Hercules,No,No,No,No,No,No,No,No,No,No,Yes,No,No,No,No,No,No,No,No,No,No,No,No,No
Merida,Gold,Standard,Brave,No,No,No,No,No,No,No,No,No,No,Yes,No,No,No,No,No,Yes,No,Yes,No,Yes,No,No,No
Merlin,Rainbow,Diamond,The Sword in the Stone,Yes,Yes,No,Yes,Yes,No,Yes,No,No,No,No,No,Yes,No,No,No,No,No,No,No,No,No,No,No
Mermaid Minnie,Rainbow,Diamond,Mickey and Friends,Yes,No,Yes,Yes,No,No,No,No,No,No,Yes,Yes,No,No,No,No,No,No,No,Yes,Yes,No,Yes,No
Merryweather,Gold,Diamond,Sleeping Beauty,No,No,No,Yes,No,No,No,Yes,Yes,No,Yes,No,Yes,No,No,No,No,No,No,No,No,No,No,No
Mickey Mouse,Silver,Standard,Mickey and Friends,Yes,No,Yes,No,Yes,No,No,No,No,No,No,No,No,No,No,No,No,No,No,No,No,No,No,No
Miguel,Gold,Standard,Coco,No,No,No,No,Yes,No,No,No,No,No,No,No,No,No,No,No,Yes,No,No,No,No,No,No,No
Mike,Silver,Standard,Monsters Inc.,No,No,No,No,Yes,No,No,No,No,No,No,Yes,No,No,No,No,Yes,No,No,No,No,No,No,No
Minnie Mouse,Silver,Standard,Mickey and Friends,Yes,No,Yes,No,No,No,No,No,No,No,Yes,No,No,No,No,No,No,No,No,No,Yes,No,No,No
Mirabel,Gold,Standard,Encanto,No,No,No,Yes,No,No,Yes,No,No,No,Yes,Yes,No,Yes,No,No,No,No,No,No,No,No,No,No
Miss Piggy,Gold,Diamond,The Muppets,Yes,No,Yes,No,No,No,No,No,No,No,Yes,No,No,No,No,No,No,No,No,No,No,No,No,Yes
Miss Piggy Emily Cratchit,Rainbow,Diamond,The Muppets,Yes,No,Yes,No,No,No,No,No,No,No,Yes,No,Yes,No,No,No,No,No,No,No,No,No,No,Yes
Moana,Series,II,Moana,No,No,No,No,No,No,No,No,No,No,Yes,No,No,No,No,No,No,No,Yes,No,No,No,No,No
Moff Gideon,Villain,Diamond,Star Wars,No,Yes,No,No,Yes,No,No,No,No,No,No,No,No,No,No,Yes,No,No,No,No,No,Yes,No,No
Monterey Jack,Gold,Standard,Rescue Rangers,Yes,Yes,Yes,Yes,Yes,No,Yes,No,No,No,No,No,Yes,No,No,No,No,No,No,No,No,No,No,No
Mother Gothel,Villain,Diamond,Tangled,No,No,No,Yes,No,No,No,No,No,No,Yes,No,No,No,No,No,No,No,No,No,No,Yes,No,No
Mr. Incredible,Gold,Standard,The Incredibles,No,No,No,No,Yes,No,Yes,No,No,No,No,No,No,No,No,No,Yes,No,No,No,No,No,No,Yes
Mr. Toad,Gold,Diamond,The Adventures of Ichabod and Mr. Toad,Yes,No,No,Yes,Yes,No,No,No,No,No,No,No,No,No,No,No,No,No,No,No,No,No,No,No
Mrs. Nesbit,Story,Diamond,Toy Story,No,No,No,Yes,Yes,No,No,No,No,No,Yes,No,Yes,No,No,No,Yes,No,No,Yes,No,No,No,No
Mrs. Potts,Series,III,Beauty and the Beast,No,No,No,No,No,No,No,No,No,No,Yes,No,No,No,No,No,No,No,No,Yes,No,No,No,No
Mulan,Series,II,Mulan,No,No,No,No,No,No,No,No,No,No,Yes,No,No,No,No,No,No,No,Yes,No,No,No,No,No
Mushu,Series,II,Mulan,Yes,No,Yes,No,Yes,No,No,No,No,No,No,No,No,No,No,No,No,No,No,No,Yes,No,No,No
Nala,Silver,Diamond,The Lion King,Yes,No,Yes,No,No,Yes,No,No,No,Yes,Yes,No,No,No,No,No,No,No,No,No,No,No,No,Yes
Namaari,Gold,Diamond,Raya and the Last Dragon,No,No,No,No,No,No,No,No,No,No,Yes,No,No,Yes,No,No,No,No,No,No,No,No,No,No
Nana,Gold,Standard,Peter Pan,Yes,No,Yes,No,No,Yes,No,No,Yes,Yes,Yes,No,Yes,No,No,No,No,No,No,No,No,No,No,No
Nemo,Series,I,Finding Nemo-Dory,Yes,No,No,No,Yes,No,No,No,No,No,No,No,No,No,Yes,No,Yes,No,No,No,No,No,Yes,No
Nick Wilde,Series,I,Zootopia,Yes,No,Yes,No,Yes,No,No,No,No,No,No,No,No,No,No,No,No,No,No,No,Yes,No,No,No
Olaf,Series,II,Frozen,No,No,No,No,Yes,No,No,No,No,No,No,No,No,No,No,No,No,No,No,No,No,No,No,No
Oogie Boogie,Villain,Diamond,Nightmare Before Christmas,No,No,No,No,Yes,No,No,No,No,No,No,Yes,No,No,No,No,No,No,No,No,No,Yes,No,No
Oswald the Lucky Rabbit,Series,III,Oswald the Lucky Rabbit,Yes,No,Yes,No,Yes,No,No,No,Yes,No,No,No,No,No,No,No,No,No,No,No,No,No,No,No
Pacha,Gold,Standard,The Emperor's New Groove,No,No,No,No,Yes,No,No,No,No,No,No,No,Yes,No,No,No,No,No,No,No,No,No,No,No
Panchito,Gold,Standard,Three Caballeros,Yes,No,No,No,Yes,No,No,No,No,No,No,No,Yes,No,No,No,No,No,No,No,Yes,No,No,Yes
Pascal,Series,II,Tangled,Yes,No,No,No,Yes,No,No,No,No,Yes,No,Yes,No,No,No,No,No,No,No,No,No,No,No,No
Patch,Silver,Diamond,101 Dalmatians,Yes,No,Yes,No,Yes,Yes,No,No,No,No,No,No,No,No,No,No,No,No,No,No,No,No,No,No
Pearl,Gold,Standard,Finding Nemo-Dory,Yes,No,No,No,No,No,No,No,No,No,Yes,No,No,No,No,No,Yes,No,No,No,No,No,Yes,No
Pegasus,Gold,Standard,Hercules,Yes,No,Yes,Yes,Yes,No,No,No,Yes,Yes,No,No,No,No,No,No,No,No,No,No,No,No,No,No
Pepita,Rainbow,Diamond,Coco,Yes,No,Yes,No,No,No,No,No,Yes,Yes,Yes,Yes,No,No,No,No,Yes,No,No,No,No,Yes,No,No
Peppermint Minnie,Rainbow,Diamond,Mickey and Friends,Yes,No,Yes,No,No,No,No,No,No,No,Yes,Yes,No,No,No,No,No,No,No,No,Yes,No,No,No
Percy,Gold,Standard,Pocahontas,Yes,No,Yes,No,Yes,Yes,No,No,No,No,No,No,No,No,No,No,No,No,No,No,No,No,No,No
Perdita,Silver,Standard,101 Dalmatians,Yes,No,Yes,No,No,Yes,No,No,No,Yes,Yes,No,No,No,No,No,No,No,No,No,No,No,No,No
Peter Pan,Series,II,Peter Pan,No,No,No,No,Yes,No,No,No,Yes,No,No,Yes,Yes,No,Yes,No,No,No,No,No,Yes,No,No,No
Phil,Gold,Standard,Hercules,Yes,Yes,Yes,No,Yes,No,No,No,No,No,No,No,No,No,No,No,No,No,No,No,Yes,No,No,No
Piglet,Silver,Standard,Winnie the Pooh,Yes,No,Yes,No,Yes,No,No,No,No,No,No,No,No,No,No,No,No,No,No,No,No,No,No,No
Ping,Story,Diamond,Mulan,No,No,No,No,No,No,No,No,No,No,No,Yes,No,No,No,No,No,No,No,No,No,No,No,No
Pinocchio,Silver,Standard,Pinocchio,No,No,No,No,Yes,No,No,No,No,No,No,No,Yes,No,No,No,No,No,No,No,No,No,No,No
Pirate Peg-Leg Pete,Villain,Diamond,Mickey and Friends,Yes,No,No,No,Yes,Yes,Yes,No,No,No,No,No,Yes,No,No,No,No,No,No,Yes,Yes,Yes,No,No
Pluto,Silver,Standard,Mickey and Friends,Yes,No,Yes,No,Yes,Yes,No,No,No,Yes,No,No,No,No,No,No,No,No,No,No,No,No,No,Yes
Pocahontas,Gold,Standard,Pocahontas,No,No,No,No,No,No,No,No,No,No,Yes,No,No,No,No,No,No,No,Yes,No,No,No,No,No
Poe Dameron,Gold,Diamond,Star Wars,No,No,No,No,Yes,No,Yes,No,No,No,No,No,Yes,No,No,Yes,No,No,No,No,Yes,No,No,Yes
Powerline,Rainbow,Diamond,Goofy Movie,Yes,No,Yes,No,Yes,No,No,No,No,No,No,No,No,No,No,No,No,No,No,No,No,No,No,No
Prince Charming,Gold,Standard,Cinderella,No,No,No,No,Yes,No,No,No,No,No,No,No,No,No,No,No,No,Yes,No,No,No,No,No,No
Prince Eric,Silver,Standard,The Little Mermaid,No,No,No,No,Yes,No,No,No,No,No,No,No,No,No,No,No,No,Yes,No,No,No,No,No,No
Prince John,Villain,Diamond,Robin Hood,Yes,Yes,Yes,No,Yes,Yes,No,No,No,No,No,Yes,No,Yes,No,No,No,No,No,No,No,Yes,No,Yes
Prince Phillip,Series,III,Sleeping Beauty,No,No,No,No,Yes,No,No,No,No,No,No,No,Yes,No,No,No,No,Yes,No,No,Yes,No,No,No
Princess Atta,Gold,Standard,A Bug's Life,Yes,No,No,No,No,No,No,No,No,No,Yes,Yes,No,Yes,No,No,Yes,No,Yes,Yes,No,No,No,No
Princess Aurora,Series,III,Sleeping Beauty,No,No,No,No,No,No,No,No,No,No,Yes,No,No,Yes,No,No,No,No,Yes,No,No,No,No,Yes
Princess Leia,Gold,Diamond,Star Wars,No,No,No,No,No,No,No,No,No,No,Yes,No,No,No,No,Yes,No,No,Yes,No,No,No,No,No
Prison Dog,Gold,Diamond,Pirates of the Caribbean,Yes,No,Yes,No,Yes,Yes,No,No,No,No,No,No,No,No,No,No,No,No,No,No,No,No,No,No
Pua,Series,II,Moana,Yes,No,Yes,No,Yes,No,No,No,No,Yes,No,No,No,No,No,No,No,No,No,No,No,No,No,No
Pumbaa,Silver,Standard,The Lion King,Yes,No,Yes,No,Yes,No,No,No,No,Yes,No,No,No,No,No,No,No,No,No,No,No,No,No,No
Pumpkin Mickey,Rainbow,Diamond,Mickey and Friends,Yes,No,Yes,No,Yes,No,No,No,No,No,No,Yes,No,No,No,No,No,No,No,No,No,No,No,No
Quasimodo,Gold,Standard,Hunchback of Notre Dame,No,No,No,No,Yes,No,No,No,No,No,No,No,No,No,No,No,No,No,No,No,Yes,No,No,No
Queen Amidala,Story,Diamond,Star Wars,No,No,No,No,No,No,No,No,No,No,Yes,No,No,Yes,No,Yes,No,No,No,No,Yes,No,No,Yes
Queen Anna,Story,Diamond,Frozen,No,No,No,No,No,No,No,No,No,No,Yes,No,No,No,No,No,No,No,No,No,No,No,No,No
R2-D2,Gold,Diamond,Star Wars,No,No,No,Yes,No,No,No,No,No,No,No,No,No,No,No,Yes,No,No,No,No,No,No,No,No
Rabbit,Silver,Group,Winnie the Pooh,Yes,No,Yes,No,Yes,No,No,No,No,No,No,No,No,No,No,No,No,No,No,No,No,No,No,Yes
Rafiki,Silver,Standard,The Lion King,Yes,No,Yes,Yes,Yes,No,No,No,No,No,No,No,No,No,No,No,No,No,No,No,Yes,No,No,No
Rainbow Mickey,Rainbow,Diamond,Mickey and Friends,Yes,No,Yes,Yes,Yes,No,No,No,No,No,No,Yes,No,No,Yes,No,No,No,No,Yes,Yes,No,No,Yes
Rainbow Unicorn,Rainbow,Diamond,Inside Out,Yes,No,Yes,Yes,No,No,No,No,No,No,Yes,Yes,No,No,Yes,No,Yes,No,No,Yes,Yes,No,No,Yes
Rajah,Gold,Group,Aladdin,Yes,No,Yes,No,Yes,Yes,No,No,No,Yes,No,No,No,No,Yes,No,No,No,No,No,No,No,No,No
Ralph,Gold,Standard,Wreck-It Ralph,No,No,Yes,No,Yes,No,No,No,No,No,No,No,No,No,No,No,No,No,No,No,No,No,No,No
Randall,Silver,Standard,Monsters Inc.,No,No,No,No,Yes,No,No,No,No,Yes,No,No,No,No,No,No,Yes,No,No,Yes,No,Yes,No,No
Rapunzel,Series,II,Tangled,No,No,No,No,No,No,No,No,No,No,Yes,No,No,No,No,No,No,No,Yes,No,No,No,No,Yes
Ray,Gold,Diamond,Princess and the Frog,Yes,Yes,No,No,Yes,No,No,No,Yes,No,No,Yes,No,No,No,No,No,No,No,No,Yes,No,No,No
Raya,Gold,Standard,Raya and the Last Dragon,No,No,No,No,No,No,No,No,No,No,Yes,No,Yes,No,No,No,No,No,No,No,No,No,No,No
Remy,Gold,Diamond,Ratatouille,Yes,No,Yes,Yes,Yes,No,No,No,No,Yes,No,No,No,No,No,No,Yes,No,No,No,No,No,No,No
Retro Minnie,Series,III,Mickey and Friends,Yes,No,Yes,No,No,No,No,No,No,No,Yes,No,Yes,No,No,No,No,No,No,No,No,No,No,No
Rex,Gold,Standard,Toy Story,Yes,No,No,No,Yes,No,No,No,No,No,No,Yes,No,No,No,No,Yes,No,No,No,No,No,No,No
Rey,Gold,Diamond,Star Wars,No,No,No,No,No,No,No,No,No,No,Yes,No,No,No,No,Yes,No,No,No,No,No,No,No,No
Robin Hood,Gold,Diamond,Robin Hood,Yes,No,Yes,No,Yes,No,No,No,No,No,No,Yes,Yes,No,Yes,No,No,No,No,No,No,No,No,No
Rose Gold Minnie,Rainbow,Diamond,Mickey and Friends,Yes,No,Yes,No,No,No,No,No,No,No,Yes,No,No,No,No,No,No,No,No,No,Yes,No,No,Yes
Royal Magician Donald,Gold,Diamond,Kingdom Hearts,Yes,No,No,Yes,No,No,No,No,No,No,No,No,Yes,No,No,No,No,No,No,No,No,No,No,No
Roz,Silver,Standard,Monsters Inc.,No,No,No,No,No,No,Yes,No,No,No,Yes,No,No,No,No,No,Yes,No,No,No,No,No,No,Yes
Russell,Gold,Standard,Up,No,No,No,No,Yes,No,No,No,No,No,No,No,Yes,No,No,No,Yes,No,No,No,No,No,No,Yes
Sadness,Series,III,Inside Out,No,No,No,Yes,No,No,Yes,No,No,No,Yes,No,No,No,No,No,Yes,No,No,No,No,No,No,No
Sally,Gold,Standard,Nightmare Before Christmas,No,No,No,Yes,No,No,No,No,No,No,Yes,No,No,No,No,No,No,No,No,No,Yes,Yes,No,No
Santa Jack,Story,Diamond,Nightmare Before Christmas,No,Yes,No,No,Yes,No,No,No,No,No,No,No,Yes,No,No,No,No,No,No,No,Yes,Yes,No,No
Sarah Sanderson,Gold,Standard,Hocus Pocus,No,No,No,No,No,No,No,No,Yes,No,Yes,No,No,No,No,No,No,No,No,No,No,Yes,No,Yes
Scar,Villain,Diamond,The Lion King,Yes,No,Yes,No,Yes,Yes,No,No,No,Yes,No,No,No,No,No,No,No,No,No,No,No,Yes,No,No
Scrooge McDuck,Series,III,DuckTales,Yes,No,No,No,Yes,No,Yes,No,No,No,No,No,Yes,No,No,No,No,No,No,No,No,No,No,No
Scrump,Gold,Standard,Lilo and Stitch,No,No,No,Yes,No,No,No,No,No,No,Yes,No,No,No,No,No,No,No,No,No,No,No,No,Yes
Sea Creature Goofy,Rainbow,Diamond,Mickey and Friends,Yes,No,Yes,No,Yes,No,No,No,No,No,No,Yes,No,No,No,No,No,No,No,No,No,Yes,Yes,No
Seashell Daisy,Rainbow,Diamond,Mickey and Friends,Yes,No,No,No,No,No,No,No,No,No,Yes,No,No,Yes,No,No,No,No,No,Yes,No,No,No,No
Sebastian,Silver,Standard,The Little Mermaid,Yes,No,No,No,Yes,No,No,No,No,No,No,No,No,No,No,No,No,No,No,No,Yes,No,Yes,No
Shan Yu,Villain,Diamond,Mulan,No,Yes,No,No,Yes,No,No,No,No,No,No,No,No,No,No,No,No,No,No,No,No,Yes,No,No
Shenzi,Villain,Diamond,The Lion King,Yes,No,Yes,No,No,No,No,No,No,Yes,Yes,No,No,No,No,No,No,No,No,No,No,Yes,No,No
Simba,Silver,Standard,The Lion King,Yes,No,Yes,No,Yes,Yes,No,No,No,Yes,No,No,No,No,No,No,No,No,No,No,No,No,No,Yes
Sir Hiss,Gold,Standard,Robin Hood,Yes,No,No,No,Yes,No,No,No,No,No,No,Yes,Yes,No,No,No,No,No,No,No,Yes,No,No,Yes
Sisu,Rainbow,Diamond,Raya and the Last Dragon,Yes,Yes,No,Yes,No,No,No,No,Yes,No,Yes,No,No,No,No,No,No,No,No,Yes,No,No,No,No
Sleepy,Gold,Standard,Snow White,No,Yes,No,No,Yes,No,No,No,No,No,No,Yes,Yes,No,No,No,No,No,No,No,No,No,No,No
Slightly,Gold,Standard,Peter Pan,No,No,Yes,No,Yes,No,No,No,No,No,No,No,Yes,No,No,No,No,No,No,No,No,No,No,Yes
Smee,Gold,Diamond,Peter Pan,No,No,No,No,Yes,No,Yes,No,No,No,No,No,Yes,No,No,No,No,No,No,No,Yes,No,No,No
Snake Jafar,Story,Diamond,Aladdin,Yes,No,No,No,Yes,No,No,No,No,No,No,No,No,No,No,No,No,No,No,No,Yes,Yes,No,Yes
Snow White,Gold,Standard,Snow White,No,No,No,No,No,No,No,No,No,No,Yes,No,No,No,No,No,No,No,Yes,No,No,No,No,No
Soft Serve Donald,Rainbow,Diamond,Mickey and Friends,Yes,No,No,No,Yes,No,No,No,No,No,No,Yes,No,No,No,No,No,No,No,No,Yes,No,No,Yes
Sora,Gold,Diamond,Kingdom Hearts,No,No,No,No,Yes,No,No,No,No,No,No,No,No,No,No,No,No,No,No,No,No,No,No,No
Sorcerer's Apprentice Mickey,Rainbow,Diamond,Mickey and Friends,Yes,No,Yes,Yes,Yes,No,No,No,No,No,No,No,Yes,No,No,No,No,No,No,No,No,No,No,No
Spirit Mufasa,Story,Group,The Lion King,Yes,No,No,No,Yes,Yes,No,No,No,Yes,No,No,No,No,No,No,No,No,No,Yes,No,No,No,No
Steamboat Willie Mickey,Series,III,Mickey and Friends,Yes,No,Yes,No,Yes,No,No,No,No,No,No,No,Yes,No,No,No,No,No,No,No,No,No,No,No
Stitch,Series,I,Lilo and Stitch,Yes,No,Yes,Yes,Yes,No,No,No,No,No,No,No,No,No,No,Yes,No,No,No,No,No,No,No,No
Stormtrooper,Villain,Diamond,Star Wars,No,No,No,No,No,No,No,No,No,No,No,No,Yes,No,No,Yes,No,No,No,No,No,Yes,No,No
Sugar Bowl,Gold,Standard,The Sword in the Stone,No,No,No,Yes,No,No,No,No,No,No,No,No,No,No,No,No,No,No,No,No,No,No,No,No
Sulley,Silver,Standard,Monsters Inc.,No,No,No,Yes,Yes,No,No,No,No,No,No,No,No,No,No,No,Yes,No,No,Yes,No,Yes,No,No
Sven,Series,II,Frozen,Yes,No,Yes,No,Yes,No,No,No,No,Yes,No,No,No,No,No,No,No,No,No,No,No,No,No,No
Swedish Chef,Gold,Diamond,The Muppets,No,Yes,No,No,Yes,No,No,No,No,No,No,No,Yes,No,No,No,No,No,No,No,No,No,No,No
Syndrome,Villain,Diamond,The Incredibles,No,No,No,No,Yes,No,Yes,No,No,No,No,No,No,No,No,No,Yes,No,No,No,No,Yes,No,No
Tamatoa,Villain,Diamond,Moana,Yes,No,No,No,Yes,No,No,No,No,No,No,No,No,No,No,No,No,No,No,Yes,No,Yes,Yes,No
Te Fiti,Rainbow,Diamond,Moana,No,No,No,No,No,No,No,No,No,No,Yes,Yes,No,No,No,No,No,No,No,No,No,No,No,No
The Beast,Series,II,Beauty and the Beast,Yes,Yes,Yes,No,Yes,No,No,No,No,No,No,No,No,No,No,No,No,Yes,No,No,No,Yes,No,No
The Bride,Gold,Standard,Haunted Mansion,No,No,No,Yes,No,No,No,No,No,No,Yes,No,Yes,No,No,No,No,No,No,No,No,Yes,No,No
The Caterpillar,Gold,Group,Alice in Wonderland,Yes,No,No,Yes,Yes,No,No,No,No,No,No,No,No,No,No,No,No,No,No,No,No,No,No,No
The Child,Rainbow,Diamond,Star Wars,No,No,Yes,No,Yes,No,No,No,No,No,No,Yes,No,No,No,Yes,No,No,No,No,No,No,No,No
The Evil Queen,Villain,Diamond,Snow White,No,No,No,No,No,No,No,No,No,No,Yes,No,No,Yes,No,No,No,No,No,No,No,Yes,No,No
The Fairy Godmother,Rainbow,Diamond,Cinderella,No,No,No,Yes,No,No,No,Yes,No,No,Yes,No,Yes,No,No,No,No,No,No,No,No,No,No,No
The Fire Spirit,Rainbow,Diamond,Frozen,Yes,No,No,Yes,No,No,No,No,No,Yes,No,No,No,No,No,No,No,No,No,Yes,No,No,No,No
The Genie,Series,I,Aladdin,No,Yes,Yes,Yes,Yes,No,No,No,Yes,No,No,No,No,Yes,No,No,No,No,No,No,No,No,No,No
The Mad Hatter,Gold,Standard,Alice in Wonderland,No,No,No,No,Yes,No,No,No,No,No,No,Yes,Yes,No,No,No,No,No,No,No,No,No,No,No
The Mandalorian,Gold,Diamond,Star Wars,No,No,No,No,Yes,No,No,No,No,No,No,No,Yes,No,No,Yes,No,No,No,No,No,No,No,No
The Manticore,Gold,Diamond,Onward,Yes,No,No,No,No,No,No,No,Yes,No,Yes,No,No,No,No,No,Yes,No,No,No,No,Yes,No,No
The Mayor,Gold,Standard,Nightmare Before Christmas,No,No,No,No,Yes,No,No,No,No,No,No,No,Yes,No,No,No,No,No,No,No,No,No,No,No
The Prince,Gold,Standard,Snow White,No,No,No,Yes,Yes,No,No,No,No,No,No,No,Yes,No,No,No,No,Yes,No,No,No,No,No,No
The Queen of Hearts,Villain,Diamond,Alice in Wonderland,No,No,No,No,No,No,No,No,No,No,Yes,No,No,Yes,No,No,No,No,No,No,Yes,Yes,No,No
Thumper,Silver,Diamond,Bambi,Yes,No,Yes,No,Yes,No,No,No,No,Yes,No,No,No,No,No,No,No,No,No,No,No,No,No,No
Tia Dalma,Rainbow,Diamond,Pirates of the Caribbean,No,No,No,No,No,No,No,No,No,No,Yes,No,No,No,No,No,No,No,No,No,No,No,No,No
Tiana,Gold,Standard,Princess and the Frog,No,No,No,No,No,No,No,No,No,No,Yes,Yes,No,Yes,No,No,No,No,Yes,No,No,No,No,No
Tiara Rapunzel,Story,Diamond,Tangled,No,No,No,Yes,No,No,No,No,No,No,Yes,No,No,Yes,No,No,No,No,Yes,No,No,No,No,No
Tigger,Silver,Standard,Winnie the Pooh,Yes,No,Yes,No,Yes,No,No,No,No,No,No,No,No,No,Yes,No,No,No,No,No,No,No,No,Yes
Timon,Silver,Standard,The Lion King,Yes,No,Yes,No,Yes,No,No,No,No,No,No,No,No,No,Yes,No,No,No,No,No,No,No,No,No
Timothy Mouse,Silver,Standard,Dumbo,Yes,No,Yes,No,Yes,No,No,No,No,No,No,No,Yes,No,No,No,No,No,No,No,Yes,No,No,No
Tinker Bell,Series,I,Peter Pan,No,No,No,No,No,No,No,Yes,Yes,No,Yes,No,No,No,No,No,No,No,No,No,No,No,No,Yes
Tiny Tim,Rainbow,Diamond,Mickey's Christmas Carol,Yes,No,Yes,No,Yes,No,No,No,No,No,No,No,Yes,No,No,No,No,No,No,Yes,No,No,No,No
Tramp,Gold,Standard,Lady and the Tramp,Yes,No,Yes,No,Yes,Yes,No,No,No,Yes,No,No,No,No,No,No,No,No,No,No,No,No,No,No
Tuk Tuk,Gold,Standard,Raya and the Last Dragon,Yes,No,No,No,Yes,No,No,No,No,No,No,No,No,No,No,No,No,No,No,Yes,No,No,No,No
Ursula,Villain,Diamond,The Little Mermaid,No,No,No,No,No,No,No,No,No,No,Yes,No,No,Yes,No,No,No,No,No,Yes,No,Yes,Yes,No
Vacation Genie,Story,Diamond,Aladdin,No,Yes,No,Yes,Yes,No,No,No,Yes,No,No,No,Yes,No,No,No,No,No,No,No,No,No,No,No
Vacation Goofy,Story,Diamond,Mickey and Friends,Yes,No,Yes,No,Yes,No,No,No,No,No,No,Yes,Yes,No,No,No,No,No,No,No,Yes,No,No,No
Vampire Mickey,Rainbow,Diamond,Mickey and Friends,Yes,No,Yes,No,Yes,No,No,No,No,No,No,No,No,No,No,No,No,No,No,No,Yes,No,No,No
Vanellope,Gold,Diamond,Wreck-It Ralph,No,No,No,No,No,No,No,No,No,No,Yes,No,No,No,No,No,No,No,No,No,No,No,No,No
Vanessa,Story,Diamond,The Little Mermaid,No,No,No,No,No,No,No,No,No,No,Yes,No,No,No,No,No,No,No,No,No,No,Yes,No,No
Violet,Gold,Standard,The Incredibles,No,No,No,No,No,No,Yes,No,No,No,Yes,No,No,No,No,No,Yes,No,No,No,No,No,No,No
WALL-E,Series,I,WALL-E,No,No,No,No,Yes,No,No,No,No,No,No,No,No,No,No,Yes,Yes,No,No,No,No,No,No,Yes
Watermelon Minnie,Rainbow,Diamond,Mickey and Friends,Yes,No,Yes,No,No,No,No,No,No,No,Yes,Yes,No,No,No,No,No,No,No,No,Yes,No,No,No
Webby,Gold,Standard,DuckTales,Yes,No,No,No,No,No,No,No,No,No,Yes,No,No,No,No,No,No,No,No,No,No,No,No,No
Wedding Ariel,Story,Diamond,The Little Mermaid,No,No,No,No,No,No,No,No,No,No,Yes,No,Yes,Yes,No,No,No,No,Yes,No,Yes,No,No,Yes
Wedding Cinderella,Story,Diamond,Cinderella,No,No,No,No,No,No,No,No,No,No,Yes,No,Yes,No,No,No,No,No,Yes,No,No,No,No,Yes
Wedding Maximus,Story,Diamond,Tangled,Yes,No,Yes,No,Yes,No,No,No,No,No,No,No,Yes,No,No,No,No,No,No,No,No,No,No,No
Wendy,Gold,Diamond,Peter Pan,No,No,No,Yes,No,No,No,No,Yes,No,Yes,No,No,No,No,No,No,No,No,No,No,No,No,No
White Rabbit,Series,I,Alice in Wonderland,Yes,No,Yes,No,Yes,No,Yes,No,No,No,No,No,No,No,No,No,No,No,No,Yes,No,No,No,No
Winifred Sanderson,Gold,Diamond,Hocus Pocus,No,No,No,No,No,No,No,No,Yes,No,Yes,No,No,No,No,No,No,No,No,No,Yes,Yes,No,No
Winnie the Pooh,Silver,Standard,Winnie the Pooh,Yes,No,Yes,No,Yes,No,No,No,No,No,No,No,No,No,No,No,No,No,No,No,No,No,No,Yes
Winter Aurora,Rainbow,Diamond,Sleeping Beauty,No,No,No,Yes,No,No,No,No,No,No,Yes,No,No,Yes,No,No,No,No,Yes,No,No,No,No,Yes
Winter Belle,Story,Diamond,Beauty and the Beast,No,No,No,No,No,No,No,No,No,No,Yes,No,Yes,No,No,No,No,No,No,No,Yes,No,No,No
Winter Cruella,Story,Diamond,101 Dalmatians,No,No,No,No,No,No,No,No,No,No,Yes,No,Yes,Yes,No,No,No,No,No,No,No,No,No,No
Winter Snow White,Rainbow,Diamond,Snow White,No,No,No,No,No,No,No,No,No,No,Yes,Yes,Yes,No,No,No,No,No,Yes,No,Yes,No,No,No
Witch Minnie,Rainbow,Diamond,Mickey and Friends,Yes,No,Yes,No,No,No,No,No,No,No,Yes,No,Yes,No,No,No,No,No,No,Yes,No,No,No,No
Woody,Series,I,Toy Story,No,No,Yes,No,Yes,No,No,No,No,No,No,No,Yes,No,No,No,Yes,No,No,No,No,No,No,No
Yen Sid,Rainbow,Diamond,Fantasia,No,Yes,No,Yes,Yes,No,No,No,No,No,No,No,Yes,No,No,No,No,No,No,No,No,No,No,No
Yesss,Gold,Standard,Wreck-It Ralph,No,No,No,Yes,No,No,Yes,No,No,No,Yes,No,No,Yes,No,No,No,No,No,No,No,No,No,No
Young Mim,Story,Diamond,The Sword in the Stone,Yes,No,No,No,No,No,No,No,No,No,Yes,No,No,No,No,No,No,No,No,Yes,No,Yes,No,No
Yzma,Villain,Diamond,The Emperor's New Groove,No,No,No,No,No,No,No,No,No,No,Yes,No,Yes,Yes,No,No,No,No,No,Yes,No,Yes,No,No
Yzma Kitty,Story,Group,The Emperor's New Groove,Yes,No,Yes,No,No,Yes,No,No,No,No,Yes,No,No,No,No,No,No,No,No,Yes,No,No,No,No
Zero,Gold,Standard,Nightmare Before Christmas,Yes,No,Yes,No,Yes,Yes,No,No,Yes,Yes,No,No,No,No,No,No,No,No,No,No,No,No,No,No
Zeus,Rainbow,Diamond,Hercules,No,Yes,No,No,Yes,No,No,No,No,No,No,No,No,No,No,No,No,No,No,No,No,No,No,No
Zurg,Villain,Diamond,Toy Story,No,No,No,No,Yes,No,No,No,No,No,No,No,No,No,No,Yes,Yes,No,No,Yes,Yes,Yes,No,Yes